shaking hands,-0HRnFhCDdc,26,36,train,0
shaking hands,-5IoqELcxSU,138,148,train,0
shaking hands,#NAME?,151,161,train,0
shaking hands,#NAME?,17,27,train,0
shaking hands,#NAME?,17,27,train,0
shaking hands,#NAME?,2,12,train,0
shaking hands,#NAME?,30,40,train,0
shaking hands,#NAME?,1,11,train,0
shaking hands,01_d_tfpAsk,3,13,train,0
shaking hands,07f88HrHORw,116,126,train,0
shaking hands,07vM2yT_Mp4,23,33,train,0
shaking hands,0Bo_JOs7i2U,53,63,train,0
shaking hands,0c4hV7Mqxpw,22,32,train,0
shaking hands,0Cw7F9jcW98,13,23,train,0
shaking hands,0Is7HxD0CSg,72,82,train,0
shaking hands,0jh1HvNMB0U,26,36,train,0
shaking hands,0uowd-IKh7A,10,20,train,0
shaking hands,0W73M2JhRxs,0,10,train,0
shaking hands,0XixUktJ0UY,0,10,train,0
shaking hands,15SUmwJ_YDA,3,13,train,0
shaking hands,1bFQcI_PM04,30,40,train,0
shaking hands,1fEz4EbP5nw,217,227,train,0
shaking hands,1gLjC39ykTc,1,11,train,0
shaking hands,1mlqyUHJZwA,25,35,train,0
shaking hands,1Uhiies8RJc,5,15,train,0
shaking hands,2b92zGuNYJ8,35,45,train,0
shaking hands,2BpzOe9dK_c,1,11,train,0
shaking hands,2eWWKCxODqk,1,11,train,0
shaking hands,2PscwWKqfww,4,14,train,0
shaking hands,2r7Vtw5LYkE,48,58,train,0
shaking hands,2RjwnAgOCd0,32,42,train,0
shaking hands,2t5ixhAYc2c,47,57,train,0
shaking hands,2VDoEctICtA,1,11,train,0
shaking hands,2ZNortJ-fFs,23,33,train,0
shaking hands,31hxN0J6H4M,9,19,train,0
shaking hands,33-bW6cD_Y4,6,16,train,0
shaking hands,3hBXcGI4AJg,6,16,train,0
shaking hands,3mHTAmY6PFc,1,11,train,0
shaking hands,3OejsMZ8MPc,1,11,train,0
shaking hands,3OgV6ebPO78,11,21,train,0
shaking hands,3qkcn1fVqeg,2,12,train,0
shaking hands,3ZAA20YKaBw,4,14,train,0
shaking hands,4BLOmBEnbrU,4,14,train,0
shaking hands,4eZqEL5HvSM,96,106,train,0
shaking hands,4IyPNpHwczs,51,61,train,0
shaking hands,4lK06p5DEbg,72,82,train,0
shaking hands,4wZAJBRUw60,2,12,train,0
shaking hands,4Y17aY-aF9A,198,208,train,0
shaking hands,53XMiZbRqLA,5,15,train,0
shaking hands,55J_e8aKtYc,16,26,train,0
shaking hands,55N-ZXc8KA0,0,10,train,0
shaking hands,5f3xZdG4pwg,3,13,train,0
shaking hands,5OYIttDdPqY,2,12,train,0
shaking hands,5ptKqFQYBrQ,9,19,train,0
shaking hands,5tZpFW4KADE,2,12,train,0
shaking hands,5wkaTrFRU2Q,0,10,train,0
shaking hands,5YUCvQY0aAw,76,86,train,0
shaking hands,6H1wUjco2x8,2,12,train,0
shaking hands,6L65E7isGOA,4,14,train,0
shaking hands,6OA_sGi8X58,2,12,train,0
shaking hands,6O_m4LoxB8Q,0,10,train,0
shaking hands,6o_tjiwODcM,4,14,train,0
shaking hands,6qXvQFnw3MQ,33,43,train,0
shaking hands,6wD0Gf9w5DA,2,12,train,0
shaking hands,72NIjT02B0E,0,10,train,0
shaking hands,77GmIfCoZYg,107,117,train,0
shaking hands,7dbHZrgcH9A,7,17,train,0
shaking hands,7gItFMdtpX0,4,14,train,0
shaking hands,7jRTPZV3INs,2,12,train,0
shaking hands,7laS-oxsxjY,22,32,train,0
shaking hands,7sIEmaS4Efw,37,47,train,0
shaking hands,7YjVHuHnzus,1,11,train,0
shaking hands,81HkiVAhgrQ,15,25,train,0
shaking hands,8Ao5QKu_WDs,0,10,train,0
shaking hands,8haCGhqLsto,0,10,train,0
shaking hands,8sTcFdLXMGE,7,17,train,0
shaking hands,8vscbPiQI94,13,23,train,0
shaking hands,8wxx4EoF8B4,3,13,train,0
shaking hands,8YHkrZELSYU,8,18,train,0
shaking hands,9f7IyqV7J1U,0,10,train,0
shaking hands,9nL19MQ8FJE,6,16,train,0
shaking hands,9UVIk5_QvA4,26,36,train,0
shaking hands,A-YjzRkeF5s,10,20,train,0
shaking hands,A7YuFCdiBs8,0,10,train,0
shaking hands,AdnfboRF_Nk,3,13,train,0
shaking hands,aDyE3enLkOg,67,77,train,0
shaking hands,AGYXHK0K_ug,42,52,train,0
shaking hands,Ahi6J-uLBrA,65,75,train,1
shaking hands,akqudAP2Il8,82,92,train,0
shaking hands,AL1-e2foDG0,3,13,train,0
shaking hands,aLtlWsCTg6M,7,17,train,0
shaking hands,amJd5RBEQfE,18,28,train,0
shaking hands,ANieJV3VZnU,0,10,train,0
shaking hands,AnSSaui3c-4,16,26,train,0
shaking hands,AObn5lTvlQ8,29,39,train,0
shaking hands,aqSuZJh69Zo,64,74,train,0
shaking hands,ar7M-hPATEo,1,11,train,0
shaking hands,aU72F2hjD60,483,493,train,0
shaking hands,AUSYnelXsOU,1,11,train,0
shaking hands,AUz7OcGlnvk,19,29,train,0
shaking hands,avyeUeT8JJQ,181,191,train,0
shaking hands,AZNSh4NF1os,3,13,train,0
shaking hands,B1-1LM3P7hk,22,32,train,0
shaking hands,b2z3d_0CBYg,159,169,train,0
shaking hands,B49DVfofLT0,44,54,train,0
shaking hands,b7HeaMY6U_8,2,12,train,0
shaking hands,B8Uf2dNAbEI,4,14,train,0
shaking hands,BAz80GHNQVQ,0,10,train,0
shaking hands,BdAXsYucY3w,0,10,train,0
shaking hands,BfwQcrYcVTo,0,10,train,0
shaking hands,bIBIZfJGq8c,9,19,train,0
shaking hands,BjV4O5dE9zg,24,34,train,0
shaking hands,bNLd65FSRI8,55,65,train,0
shaking hands,BOkJxXfoIbY,3,13,train,0
shaking hands,bPS1VbdRZqo,586,596,train,0
shaking hands,BqUGljcUTpk,26,36,train,0
shaking hands,bt3IpzmPKIo,6,16,train,0
shaking hands,BU77eP9zHzE,22,32,train,0
shaking hands,BvJQ7yzrA7Y,20,30,train,0
shaking hands,bWykSHImrFg,16,26,train,0
shaking hands,bZkUJ-3DMug,12,22,train,0
shaking hands,C0MDjBggkf4,95,105,train,0
shaking hands,C1hP12ULT1g,76,86,train,0
shaking hands,c5J2hUtezrU,1,11,train,0
shaking hands,CbyYN4osTk4,2,12,train,0
shaking hands,CGvcXCDZCDs,4,14,train,0
shaking hands,CLif4UK_w1Q,48,58,train,0
shaking hands,CQryInUh-U4,64,74,train,0
shaking hands,CsStHhyH1EU,24,34,train,1
shaking hands,csyurX7BlwY,37,47,train,0
shaking hands,CtOEI7RQRhM,35,45,train,0
shaking hands,cx3TkktgImI,19,29,train,0
shaking hands,cyB9H_qTyzk,2,12,train,0
shaking hands,CywOtSz96Rg,4,14,train,0
shaking hands,Cz5zC9g1y_w,77,87,train,0
shaking hands,Dc-6zQFDotY,208,218,train,0
shaking hands,DC38EeJQXIA,1,11,train,0
shaking hands,DQutnutKa7E,4,14,train,0
shaking hands,DqwiNmzGfRc,5,15,train,0
shaking hands,dRtaP_bXKWM,1,11,train,0
shaking hands,DVlTcEkBuY8,8,18,train,0
shaking hands,DVSrbDAFaCg,36,46,train,0
shaking hands,E-72hBNIses,158,168,train,0
shaking hands,E5uMEAeu_lw,0,10,train,0
shaking hands,EbdRSE8v9ao,1,11,train,0
shaking hands,ebzqTNz9V9w,17,27,train,0
shaking hands,edebW4-ujuk,0,10,train,0
shaking hands,EDItR_YFkQk,1,11,train,0
shaking hands,edlpNb5um90,0,10,train,0
shaking hands,eEnwtFE7P-Y,2,12,train,0
shaking hands,eh4nJFtahM8,2,12,train,0
shaking hands,ENBTEpFUVSo,1,11,train,0
shaking hands,eNO8P4gjLi8,33,43,train,0
shaking hands,EOS4SCmePpc,34,44,train,0
shaking hands,EPFRyQYRTMs,26,36,train,0
shaking hands,ErJEcliDDrk,50,60,train,0
shaking hands,ESqRPYO1DbM,0,10,train,0
shaking hands,EVut9udnQ-g,103,113,train,0
shaking hands,evWO02b0l34,11,21,train,0
shaking hands,ex8QZ1CBiyY,3,13,train,0
shaking hands,EyRGN_IWsvY,63,73,train,0
shaking hands,eyvMY7_m05U,2,12,train,0
shaking hands,f-BwKHaByxk,0,10,train,0
shaking hands,F0yE__Dtx_o,33,43,train,0
shaking hands,F9MRJQjOblA,1,11,train,0
shaking hands,FbAOqbNun6Y,0,10,train,0
shaking hands,fc-K7nJ0O40,22,32,train,0
shaking hands,FC8JYQ0qsfo,0,10,train,0
shaking hands,FEcK9oSxoFo,135,145,train,0
shaking hands,fHn-xRhKHwI,1,11,train,0
shaking hands,FnVWs-B_OJw,0,10,train,0
shaking hands,fOdc6tH6HqA,151,161,train,0
shaking hands,FTdYbGsaWII,3,13,train,0
shaking hands,fVbeRZkQX84,53,63,train,0
shaking hands,FV_LaKVhYYM,8,18,train,0
shaking hands,g2CA-OD-wMU,114,124,train,0
shaking hands,g7uEC1wNXaM,2,12,train,0
shaking hands,Gb18tP34pSY,40,50,train,0
shaking hands,GDAg8oZSsqo,0,10,train,0
shaking hands,gjdj5EIsd9A,1,11,train,0
shaking hands,GJopbEsqR2o,2,12,train,0
shaking hands,gld4u7-aEJ8,2,12,train,0
shaking hands,GP7K9JsyqeE,27,37,train,0
shaking hands,gpDo4PowP4E,3,13,train,0
shaking hands,gqipcPAVI_0,0,10,train,0
shaking hands,GTmSrWHWQPg,74,84,train,0
shaking hands,gxTMEuK8HFQ,4,14,train,0
shaking hands,H-LJEfvUwQY,37,47,train,0
shaking hands,HbTCei3zn-w,19,29,train,0
shaking hands,HCkvO0CyxC0,8,18,train,0
shaking hands,HDU6dxPLrMc,2,12,train,0
shaking hands,HDyfrxNvEjk,3,13,train,0
shaking hands,He5Qg6tzR6Q,31,41,train,0
shaking hands,hFgCGFHYYfE,0,10,train,0
shaking hands,Hi1ntLyqdto,2,12,train,0
shaking hands,Hip870_tJMw,157,167,train,0
shaking hands,HizeP_FLIAQ,11,21,train,0
shaking hands,hqTkokSRlUk,7,17,train,0
shaking hands,hS02LHF6jIo,2,12,train,0
shaking hands,H_Ze_B6J1U0,3,13,train,0
shaking hands,i0t5k5db5fU,13,23,train,0
shaking hands,i9y9q6kvF30,1,11,train,0
shaking hands,i9ygeLDjIj8,28,38,train,0
shaking hands,IauZx0k-RUk,1,11,train,0
shaking hands,ibd60lXaO2k,4,14,train,0
shaking hands,iBEb9j2NPa0,4,14,train,0
shaking hands,IC0g9eAhL7c,47,57,train,0
shaking hands,ifEeMXb2mFY,3,13,train,0
shaking hands,iH2xN9USd_U,0,10,train,0
shaking hands,Ih94KMfZKdM,4,14,train,0
shaking hands,ihlYT11MXAc,15,25,train,0
shaking hands,iHSflY0p1ik,18,28,train,0
shaking hands,iIOox8B2TXU,1,11,train,0
shaking hands,Ij-7zxk15kQ,1,11,train,0
shaking hands,iQVa2URAuAU,6,16,train,0
shaking hands,iqZbEgL3c1M,4,14,train,0
shaking hands,IRP7zhIPbBo,15,25,train,0
shaking hands,iT-ibJ1roBY,85,95,train,0
shaking hands,IvT9QJjDGMA,221,231,train,0
shaking hands,IwXuWFlBk5E,8,18,train,0
shaking hands,ixEFJczEa_E,0,10,train,0
shaking hands,iXkNaZJDULs,9,19,train,0
shaking hands,j2cZRvqkmBo,26,36,train,0
shaking hands,J2jDy17-zE4,16,26,train,0
shaking hands,j657YpgXv-o,18,28,train,0
shaking hands,jdBZdtP41uk,47,57,train,0
shaking hands,jFsANvy8NPg,21,31,train,0
shaking hands,jgw1Yjo8NwQ,24,34,train,0
shaking hands,jj2pt-WcjBo,55,65,train,0
shaking hands,JLddBSFYpo0,84,94,train,0
shaking hands,JM6-YY_GkvY,105,115,train,0
shaking hands,jnWTpPn4_A4,0,10,train,0
shaking hands,jQsvNVnpVlg,4,14,train,1
shaking hands,jy9JBon52aY,21,31,train,0
shaking hands,K3k8w1mVFhc,7,17,train,0
shaking hands,k7qcvbYYizg,45,55,train,0
shaking hands,KaHgXrh3lsg,145,155,train,0
shaking hands,KbQ7ETVHNlw,0,10,train,0
shaking hands,kc6-2OAa_8g,6,16,train,0
shaking hands,kcbglml9KRo,10,20,train,0
shaking hands,kCqKcSLYSVk,17,27,train,0
shaking hands,KEw3XoHTjuc,2,12,train,0
shaking hands,kIToMAixA4Q,20,30,train,0
shaking hands,KNPqH2RWfSc,10,20,train,0
shaking hands,knQW0OYIIcI,0,10,train,0
shaking hands,koJSeW_kLwo,49,59,train,0
shaking hands,koK_j0ilCRQ,24,34,train,0
shaking hands,kR6riPPRBl8,28,38,train,0
shaking hands,KrEEaEQxHpk,123,133,train,0
shaking hands,krjcEhVCnZw,1,11,train,0
shaking hands,kTYB8JLajdM,2,12,train,0
shaking hands,KVrGHf1WFXY,6,16,train,0
shaking hands,kWbMZGrrgRw,6,16,train,0
shaking hands,KY51qRrYE9Q,125,135,train,0
shaking hands,l0NokIk6op8,0,10,train,0
shaking hands,l38SnyQP9YY,0,10,train,0
shaking hands,l9hT0B3XwIE,15,25,train,0
shaking hands,LaoEDhos5YY,25,35,train,0
shaking hands,LasqjEIJVZc,35,45,train,0
shaking hands,lbX83lQ8kMw,9,19,train,0
shaking hands,lCe-Ma8ZOU0,2,12,train,0
shaking hands,LeDVXYOG2ug,4,14,train,0
shaking hands,liaWcvNZEKk,28,38,train,0
shaking hands,LM0fAGr-VFw,2,12,train,0
shaking hands,LmPvOFYQ_qk,4,14,train,0
shaking hands,LMvQ32Zi-Cw,3,13,train,0
shaking hands,LPoCEfHEbdc,64,74,train,0
shaking hands,LpzpGZQhB4U,12,22,train,0
shaking hands,Lv2I77g-PtM,105,115,train,0
shaking hands,lXp9AIinZYY,1,11,train,0
shaking hands,LxXcOf5ExhE,15,25,train,0
shaking hands,lyEWnjWRdnI,34,44,train,0
shaking hands,lZx8vj6btfI,7,17,train,0
shaking hands,lzZm13o2gPY,3,13,train,0
shaking hands,l_IAcwJLZ7I,27,37,train,0
shaking hands,m-CMZvedDto,4,14,train,0
shaking hands,m3hL66EGRD8,7,17,train,0
shaking hands,M6X6w7S865A,10,20,train,0
shaking hands,M6Xxh8tVfNE,14,24,train,0
shaking hands,m6YUYpZtvfU,0,10,train,0
shaking hands,mDUx99Pssfo,10,20,train,0
shaking hands,ME5FJrdklak,1,11,train,0
shaking hands,mFjIVFq7uZU,11,21,train,0
shaking hands,mJwVgPZ8L98,108,118,train,0
shaking hands,MKSdVIkcJUE,4,14,train,0
shaking hands,MKY1GXEq184,201,211,train,0
shaking hands,MoDDxZaziXE,5,15,train,0
shaking hands,Mq88BZcAEfg,20,30,train,0
shaking hands,N4PCaix7fZw,4,14,train,0
shaking hands,N5ZCsLyhN0g,25,35,train,1
shaking hands,n6iDTGIIz7U,9,19,train,0
shaking hands,n7T6Q8YYUcg,1,11,train,0
shaking hands,NAruMAzIPIk,0,10,train,0
shaking hands,nbaXHaOql48,28,38,train,0
shaking hands,NF33qSON3ME,17,27,train,0
shaking hands,nFCIMHYHRCI,195,205,train,0
shaking hands,NfH5i_UH8dw,1,11,train,0
shaking hands,nfyofm68qnk,17,27,train,0
shaking hands,NJB4Od9bu8o,17,27,train,0
shaking hands,NJIuF1V6k-E,29,39,train,0
shaking hands,NJUqCgMh_xs,23,33,train,0
shaking hands,NknUwyTog84,3,13,train,0
shaking hands,nLBNjSOTgTI,41,51,train,0
shaking hands,NlWVM0SccBk,2,12,train,0
shaking hands,NM6ycxoZ7SE,2,12,train,0
shaking hands,NOf7ONTd408,2,12,train,0
shaking hands,nQWgTd3IqKI,0,10,train,0
shaking hands,nR4BtSBbr2w,1,11,train,0
shaking hands,NVJMztDiAKM,8,18,train,0
shaking hands,Nz7tYCU7T0c,26,36,train,0
shaking hands,O0ToRTUVXkQ,56,66,train,0
shaking hands,O4t_ulyyTYI,59,69,train,0
shaking hands,o9KU_uZ7Rrw,18,28,train,0
shaking hands,oAkO5znKkZk,4,14,train,0
shaking hands,odCMEHwtUgE,62,72,train,0
shaking hands,odoPJqaOBu8,3,13,train,0
shaking hands,OGySbvuozKo,2,12,train,0
shaking hands,OHv_seJ02-M,6,16,train,0
shaking hands,Oi1QBRG-YDg,3,13,train,0
shaking hands,oiG8xfV0f-U,0,10,train,0
shaking hands,OiMF1Lx19rc,3,13,train,0
shaking hands,OKCw-htbO5s,10,20,train,0
shaking hands,Ols8IMGVQfY,4,14,train,0
shaking hands,OogunCf95y8,18,28,train,0
shaking hands,ori8hX6wbrw,6,16,train,0
shaking hands,OsztwrnUjbY,46,56,train,0
shaking hands,otIDB0MB2FQ,39,49,train,0
shaking hands,OuLYm54OkjA,71,81,train,0
shaking hands,OutzghXY_sQ,30,40,train,0
shaking hands,OWLZXIHvNJU,8,18,train,0
shaking hands,P-ogIvNs__Q,17,27,train,0
shaking hands,p1WXuXsOPjs,0,10,train,0
shaking hands,P87evOJP18w,3,13,train,0
shaking hands,P99JliVh0QY,11,21,train,0
shaking hands,pd2Gl3EfHAY,24,34,train,0
shaking hands,PiQncoxbIiY,16,26,train,0
shaking hands,pLaF8cFiAXM,5,15,train,0
shaking hands,pM7m4zp-MQs,97,107,train,0
shaking hands,pNa22JYvMLI,1,11,train,0
shaking hands,pq1aRFmDpZM,5,15,train,1
shaking hands,pqeashtUhqs,1,11,train,0
shaking hands,ps82C-rlTdM,2,12,train,0
shaking hands,pTlnNnJwLYY,1,11,train,0
shaking hands,PWDCgra1dhU,4,14,train,0
shaking hands,PYaJzuBSMKY,14,24,train,0
shaking hands,PYtZUGUqY9A,21,31,train,0
shaking hands,QaUBLkPXs1A,10,20,train,0
shaking hands,qdDAPSDPunE,31,41,train,0
shaking hands,qmkOf2A6zU8,29,39,train,0
shaking hands,qPO3ZEfFM8I,16,26,train,0
shaking hands,qrgKANZASPA,14,24,train,0
shaking hands,qVNjPBS2Jck,0,10,train,0
shaking hands,qvtKOwJj5xQ,6,16,train,0
shaking hands,QxKvXnTmJBo,39,49,train,0
shaking hands,QzWNNxCcrkk,2,12,train,0
shaking hands,R2_LiZw-oIU,15,25,train,0
shaking hands,r5kRl-2lVxc,4,14,train,0
shaking hands,R9zc-oOou7I,64,74,train,0
shaking hands,rAHnsab5n-k,54,64,train,0
shaking hands,RfZlASdqdRw,34,44,train,0
shaking hands,RgEuRMghKJ0,12,22,train,0
shaking hands,Rha5tdBJvms,21,31,train,0
shaking hands,rImVfhpzBsE,129,139,train,0
shaking hands,rJuDWS8ATd4,15,25,train,0
shaking hands,Rjzm_V7cEzM,4,14,train,0
shaking hands,RQSUHAY8Y_8,4,14,train,0
shaking hands,RRwWuFvQ8KE,0,10,train,0
shaking hands,RSSXEXmbLI0,1,11,train,0
shaking hands,Rxcd_V90Dso,0,10,train,0
shaking hands,s2F03JG_t1o,17,27,train,0
shaking hands,s9Ln2WQS16w,5,15,train,0
shaking hands,sdgyI_hp6EA,1,11,train,0
shaking hands,sDYLiKIGv10,0,10,train,0
shaking hands,sE0ovWpTPu8,51,61,train,0
shaking hands,SFUKUdJnApc,2,12,train,0
shaking hands,snB75rS2vfU,21,31,train,0
shaking hands,So2GpOuITzA,33,43,train,0
shaking hands,SOMfdMl95_8,33,43,train,0
shaking hands,SPH4mhyTZPM,0,10,train,0
shaking hands,SquNliR82B0,13,23,train,0
shaking hands,su_5ZIn3Zbw,43,53,train,0
shaking hands,syjMqEk-4Ik,17,27,train,0
shaking hands,s_1lpCFoxFA,69,79,train,0
shaking hands,T0QovvttfDc,16,26,train,0
shaking hands,t72aIuOXjSY,4,14,train,0
shaking hands,t73mFLZ_SSY,11,21,train,0
shaking hands,t9NrO-jSOlA,117,127,train,0
shaking hands,TBZgGTX2BqU,114,124,train,0
shaking hands,tgqdlZJiYsk,1,11,train,0
shaking hands,tKAcUsl3ojo,30,40,train,0
shaking hands,Tl4JuOmN-BU,6,16,train,0
shaking hands,tTotieIhUXI,31,41,train,0
shaking hands,tTqP1HaONqQ,4,14,train,0
shaking hands,TwCucyb-rt0,3,13,train,0
shaking hands,U5fb5qN98F4,4,14,train,0
shaking hands,u7nB1gYytEM,1,11,train,0
shaking hands,u8kemx1dWj0,18,28,train,0
shaking hands,uEr9aXilfKM,131,141,train,0
shaking hands,uEtWtV4lBnA,0,10,train,0
shaking hands,Ug1iAR-J85c,378,388,train,0
shaking hands,UG1zjmDlcso,16,26,train,0
shaking hands,uGOaM0ci4Ug,9,19,train,0
shaking hands,uhGrXeMSuh8,4,14,train,0
shaking hands,ukkbjqzBEsU,88,98,train,0
shaking hands,uN2DwXVO79A,6,16,train,0
shaking hands,uNM6xPe9u3U,105,115,train,0
shaking hands,UPaIAJrt2LI,3,13,train,0
shaking hands,UQOXltmNez0,1,11,train,0
shaking hands,UrgC7HhYLXU,133,143,train,0
shaking hands,uwy6LRmyD2c,0,10,train,0
shaking hands,Uxt5GPP5tmI,389,399,train,0
shaking hands,UyRCY-F1-2Y,3,13,train,0
shaking hands,v0HkvChdJKc,1,11,train,0
shaking hands,V8Z6YuZ5NtM,3,13,train,0
shaking hands,vCP2HaycDus,38,48,train,0
shaking hands,VPxjcg_wbJs,2,12,train,0
shaking hands,vSsS3Qos9Q8,25,35,train,0
shaking hands,vSY7WVc2kRw,11,21,train,0
shaking hands,vtMFkwaSxbA,2,12,train,0
shaking hands,vvRk68BV3XA,0,10,train,0
shaking hands,vWT7dM4YH3s,5,15,train,0
shaking hands,w0kW6r_WxDE,22,32,train,0
shaking hands,W2QzZZoU9aU,10,20,train,0
shaking hands,W6icGUL8wbg,175,185,train,0
shaking hands,WDZxThADy00,29,39,train,0
shaking hands,WfaPEMb1G_g,0,10,train,0
shaking hands,WiiN4EfpLSA,6,16,train,0
shaking hands,wk74qoiQhAg,3,13,train,0
shaking hands,WmuybcgSjkI,1,11,train,1
shaking hands,WtWRN6dcGYg,7,17,train,0
shaking hands,wUngS9LFEF4,2,12,train,0
shaking hands,WxXTHw-oLRY,289,299,train,0
shaking hands,wyDMO56992c,2,12,train,0
shaking hands,x-G7c9Vudyg,56,66,train,0
shaking hands,x62GH4QEL3U,18,28,train,0
shaking hands,x8ubDZlRQQo,0,10,train,0
shaking hands,Xg1cPQsxhhE,0,10,train,0
shaking hands,xHb_9-_hQts,0,10,train,0
shaking hands,XqcoKzCZ0DM,42,52,train,0
shaking hands,xrgSmlif5zA,0,10,train,0
shaking hands,XxhTgBsBWzk,10,20,train,0
shaking hands,xXxMAhtgURA,3,13,train,0
shaking hands,X_1OsOXllqs,1,11,train,0
shaking hands,Y0IAkL6OQvI,307,317,train,0
shaking hands,Y6Qni_1sQGk,15,25,train,0
shaking hands,Y6TalhtQCiE,4,14,train,0
shaking hands,YAi_J7-4-vs,1,11,train,0
shaking hands,YAn82XLHs48,96,106,train,0
shaking hands,YAtvlhQizSo,0,10,train,0
shaking hands,YBIDy8sYJtU,0,10,train,0
shaking hands,YDFULq0lKF0,26,36,train,0
shaking hands,YMxv96qI9Ng,2,12,train,0
shaking hands,YNDUBlxHbFY,6,16,train,0
shaking hands,ypiQquXC1bY,1,11,train,0
shaking hands,ytXrs3lI65o,5,15,train,0
shaking hands,yXSlvMHd-_k,13,23,train,0
shaking hands,yYneIZxzXbM,4,14,train,0
shaking hands,YzvbtcT5aPA,3,13,train,0
shaking hands,z-yfNYOgnfQ,6,16,train,0
shaking hands,Z6wJ6CPmsO4,0,10,train,0
shaking hands,zA9TuV16Ix4,217,227,train,0
shaking hands,ZDmbaBoOb50,4,14,train,0
shaking hands,zEV8TosO1Cc,3,13,train,0
shaking hands,ZfYR0MLgu78,4,14,train,0
shaking hands,ZGTMQr5YGvY,28,38,train,0
shaking hands,zH1sVVTJtic,0,10,train,0
shaking hands,ZKOgzY6WCBQ,4,14,train,0
shaking hands,zml2UkbFnf0,56,66,train,0
shaking hands,zMWrGv684IA,201,211,train,0
shaking hands,zoET1-VcYiQ,1,11,train,1
shaking hands,zTKxIcblE5o,39,49,train,0
shaking hands,ZUdWirLogdo,0,10,train,0
shaking hands,zWtneI_f6Jc,18,28,train,0
shaking hands,zYHlHIWmS1Y,4,14,train,0
shaking hands,ZZDQt1_kk74,237,247,train,0
shaking hands,z_KYNXTg7lM,0,10,train,0
shaking hands,_-0V7mXfCnY,3,13,train,0
shaking hands,_3Bj3oRp2kE,60,70,train,0
shaking hands,_4dV0pC6290,11,21,train,0
shaking hands,_7pcdJ_9LIw,27,37,train,0
shaking hands,_BFQ3aIRfO0,83,93,train,0
shaking hands,_bh7oY2kiqc,5,15,train,0
shaking hands,_ietrv1YvV8,1,11,train,0
shaking hands,_IGgGwEwdSc,1,11,train,0
shaking hands,_InogHFjmNA,46,56,train,0
shaking hands,_LmZXuPCpdY,0,10,train,0
shaking hands,_mUaIbWtrls,13,23,train,0
shaking hands,_S-Cu02IFsM,1,11,train,0
shaking hands,_wSfSfyZws8,0,10,train,0
shaking hands,_yp-UxN7rOY,0,10,train,0
shaking hands,_zmUgUGx1HE,24,34,train,0
shaking head,-4Q5hF4j734,12,22,train,0
shaking head,-6oPU9T5y1I,0,10,train,0
shaking head,-6wJNL8d5jA,12,22,train,0
shaking head,#NAME?,3,13,train,0
shaking head,#NAME?,13,23,train,0
shaking head,#NAME?,4,14,train,0
shaking head,#NAME?,1,11,train,0
shaking head,#NAME?,57,67,train,0
shaking head,#NAME?,5,15,train,0
shaking head,#NAME?,17,27,train,0
shaking head,#NAME?,22,32,train,0
shaking head,02aG2J02BT8,3,13,train,0
shaking head,09m0B8RRiEE,1134,1144,train,0
shaking head,0ChHFh2u4kY,16,26,train,0
shaking head,0cLjIPQ4tEo,16,26,train,0
shaking head,0hhI2iptmXg,22,32,train,0
shaking head,0i3eKdumqZ0,90,100,train,0
shaking head,0IM_QPs4qKc,42,52,train,0
shaking head,0oTo1gbllcw,26,36,train,0
shaking head,15UdVDXXBFE,1,11,train,0
shaking head,1dRWkHUt_Yk,6,16,train,0
shaking head,1g7kY-ScjcY,4,14,train,0
shaking head,1GYvaplEznE,58,68,train,0
shaking head,1JmifvN0bzM,4,14,train,0
shaking head,1kSr1W9BIVc,28,38,train,0
shaking head,1MSjHJ3ISqY,12,22,train,0
shaking head,1vFVA_sAaF8,4,14,train,0
shaking head,1XwEKcrkSg8,14,24,train,0
shaking head,2-DxJ7Vtte0,83,93,train,0
shaking head,27j-R0dGRWw,2,12,train,0
shaking head,28mhbQ9uGj0,6,16,train,0
shaking head,2aH6jpDi7sw,40,50,train,0
shaking head,2b2oP4wiJHs,10,20,train,0
shaking head,2CIpMV7UvSI,2,12,train,0
shaking head,2mSOXcHgEt8,11,21,train,0
shaking head,2YDbLHwK2RA,23,33,train,0
shaking head,3-o9lQQ9Kq8,3,13,train,0
shaking head,31jxqZkGWEM,1,11,train,0
shaking head,36cIxLaYgLg,0,10,train,0
shaking head,39sJUSCCmSw,38,48,train,0
shaking head,3aC7kMYxpWo,70,80,train,0
shaking head,3gbRWQpxmIk,14,24,train,0
shaking head,3Kpk7wMSO60,7,17,train,0
shaking head,3mEsFncJ-5A,19,29,train,0
shaking head,3OqnUnJbtJE,16,26,train,0
shaking head,3oRrMpn7slk,5,15,train,0
shaking head,3xxe5k_9XDo,2,12,train,0
shaking head,3yLsedketXg,13,23,train,0
shaking head,42yDrUKSkq4,1,11,train,0
shaking head,44C5Cx_WZ1o,28,38,train,0
shaking head,4eebysdxxfU,4,14,train,0
shaking head,4HIC9KzUmUE,1,11,train,0
shaking head,4hNJEy2zodM,47,57,train,0
shaking head,4n6OVBugcyI,23,33,train,0
shaking head,4RZWbKQZGZ8,43,53,train,0
shaking head,4yZOUTZ_T1g,2,12,train,0
shaking head,51tzk_GAfjo,1,11,train,0
shaking head,58Ds70E7Jt0,97,107,train,0
shaking head,58HQEo8EKu8,10,20,train,0
shaking head,5BpTv3_8Ynw,7,17,train,0
shaking head,5B_ddFCVZMI,6,16,train,0
shaking head,5E9p0osDEYs,20,30,train,0
shaking head,5EhDst7B6FY,1,11,train,0
shaking head,5ERV2iLudCA,2,12,train,0
shaking head,5gqskB_n8ms,9,19,train,0
shaking head,5hY8YsOZyxQ,4,14,train,0
shaking head,5IHZhSW5340,16,26,train,0
shaking head,5j68KjyJClw,24,34,train,0
shaking head,5jtreZqkqiU,1,11,train,0
shaking head,5litknsMuFw,2,12,train,0
shaking head,5nx7O0sSrrc,31,41,train,0
shaking head,5NZcTitfZcg,33,43,train,0
shaking head,5Pb6ewhPG28,14,24,train,0
shaking head,5T8QMtWU3Sw,4,14,train,0
shaking head,5t9Sb9sx2IQ,0,10,train,0
shaking head,5Xa1diXrZ14,2,12,train,0
shaking head,5_tnJ9Djgvo,6,16,train,0
shaking head,6-sMLc2zjTw,1,11,train,0
shaking head,60_Xz2Xho4c,4,14,train,0
shaking head,6BE9_-i8qwo,4,14,train,0
shaking head,6DVZaQ2INjA,0,10,train,0
shaking head,6eW9NOm9lGA,0,10,train,0
shaking head,6H0Sr0iHlQE,7,17,train,0
shaking head,6HSQ3zA72Vc,10,20,train,0
shaking head,6I-5gAH-7FA,3,13,train,0
shaking head,6J611P97eB0,21,31,train,0
shaking head,6LYfOB5WUe0,12,22,train,0
shaking head,6mD97hH_fSo,0,10,train,0
shaking head,6N22GK84Rzc,27,37,train,0
shaking head,6VuE7-CZ014,4,14,train,0
shaking head,6Yn5uyWXh1I,0,10,train,0
shaking head,6zKM7u4_qj0,0,10,train,0
shaking head,72wjBYM21-o,7,17,train,0
shaking head,767nbt3XKJY,14,24,train,0
shaking head,7ekAVGPBsoo,8,18,train,0
shaking head,7Hs--GEgCnE,139,149,train,0
shaking head,7ollHSPFEHg,16,26,train,0
shaking head,7OuNFFLJ4yU,4,14,train,0
shaking head,7SijLO86sDo,3,13,train,0
shaking head,83W2VcZ5X2Y,14,24,train,0
shaking head,8fR9oAh6VZ0,3,13,train,0
shaking head,8j8aErJK_aM,58,68,train,0
shaking head,8mnhD_3cubo,24,34,train,0
shaking head,8szjqDAVtVE,4,14,train,0
shaking head,8t_kCBX8OQo,14,24,train,0
shaking head,8uswJTc2c7o,98,108,train,0
shaking head,8WOSzEK0Ihw,15,25,train,0
shaking head,95F4iWX2Tsg,0,10,train,0
shaking head,9evMGFTemX4,12,22,train,0
shaking head,9FEY3unRIYw,9,19,train,0
shaking head,9heAg1HitC0,3,13,train,0
shaking head,9jlq4Zo41Fw,14,24,train,0
shaking head,9PHBZjqxXRY,0,10,train,0
shaking head,9plSmDF4OOc,0,10,train,0
shaking head,9vBKcFFJ7lk,2,12,train,0
shaking head,9yEmqT2_EO0,13,23,train,0
shaking head,9zqAvrle8gk,6,16,train,0
shaking head,a2hGThVqjWU,18,28,train,0
shaking head,a4if1j0d8m8,49,59,train,0
shaking head,A5DwYPwrZ4Q,1,11,train,0
shaking head,a5hKoBjq4uo,19,29,train,0
shaking head,A8Ebb1KqEWE,0,10,train,0
shaking head,a9zt7zPA9uE,16,26,train,0
shaking head,aABThQUbCLU,20,30,train,0
shaking head,aADVnli0NpY,36,46,train,0
shaking head,AaomYKUM_Cw,28,38,train,0
shaking head,ADiF2vn4m84,15,25,train,0
shaking head,aEaCz4BA0oQ,1,11,train,0
shaking head,aei58tG6Blg,29,39,train,0
shaking head,AfJksb18aJ0,6,16,train,0
shaking head,Agu-vnd0YmY,0,10,train,0
shaking head,aJk0ZoGYqFA,13,23,train,0
shaking head,akpV9FVbIno,2,12,train,0
shaking head,aLYVm5xm63w,20,30,train,0
shaking head,amyN1eOA3_E,0,10,train,0
shaking head,aN2eRSnp194,45,55,train,0
shaking head,An6uFFkd84I,0,10,train,0
shaking head,AQQisCNB4UY,1,11,train,0
shaking head,aqwe4M8fh_g,10,20,train,0
shaking head,AVnzW7gzCac,38,48,train,0
shaking head,Awm-6WukXEM,1,11,train,0
shaking head,AXwZYKneWJ8,36,46,train,0
shaking head,aYcP54-hRnM,37,47,train,0
shaking head,AYRCQsjkZaY,0,10,train,0
shaking head,AZCjS3NjxQE,9,19,train,0
shaking head,aZIgC41Kog4,24,34,train,0
shaking head,B21gMsi4WvM,83,93,train,0
shaking head,B7mHjoEcR2s,2,12,train,0
shaking head,b814xllfJjo,22,32,train,0
shaking head,bAmsm0-mUVU,0,10,train,0
shaking head,bDXX1RrXzaQ,28,38,train,0
shaking head,BiG16XpOaxU,8,18,train,0
shaking head,Bm337gPdFoY,2,12,train,0
shaking head,bnl3rhnzl2k,1,11,train,0
shaking head,bNMPydxjnQY,2,12,train,0
shaking head,BnNuQnIUh3k,3,13,train,0
shaking head,BpQMpdcO0u4,9,19,train,0
shaking head,bqvkUVDmVbI,20,30,train,0
shaking head,br-CpyD60jQ,14,24,train,0
shaking head,brJ4OlM9A1g,5,15,train,0
shaking head,BseIX6uf610,51,61,train,0
shaking head,bSFiTFKwNlY,8,18,train,0
shaking head,Bs_Cw5vrwq4,6,16,train,0
shaking head,bTJH9KN8BXM,9,19,train,0
shaking head,bVm3t2II0RI,1,11,train,0
shaking head,b_VarNLE5WM,9,19,train,0
shaking head,c2XrfqWy308,7,17,train,0
shaking head,c54Jkj8M1H0,25,35,train,0
shaking head,c66wjoX2Z9g,18,28,train,0
shaking head,C6e4KFPKvCI,55,65,train,0
shaking head,CaD36m5-UMw,2,12,train,0
shaking head,caLFviD2UP8,2,12,train,0
shaking head,CchU0sAwFQA,19,29,train,0
shaking head,CdPMNZPC9cM,41,51,train,0
shaking head,CGdek-ZWmOw,0,10,train,0
shaking head,cGKBdfkIYis,14,24,train,0
shaking head,Ch_1siW6AgI,16,26,train,0
shaking head,CieaNo0CKJM,5,15,train,0
shaking head,cKByfTNz-DA,0,10,train,0
shaking head,cnclLAYuAMY,39,49,train,0
shaking head,Cod9sLXNrAA,33,43,train,0
shaking head,cSDWH5Ex5aA,37,47,train,0
shaking head,cuzj_Tcf2XA,3,13,train,0
shaking head,Cw5WwMfbmBo,1,11,train,0
shaking head,d50eeIjRnZU,0,10,train,0
shaking head,dAwem9l9bgM,0,10,train,0
shaking head,Db9LYlWL6es,3,13,train,0
shaking head,DD9pqbbTAaY,36,46,train,0
shaking head,dehaK82eHgU,0,10,train,0
shaking head,DfuO7RlVnzM,4,14,train,0
shaking head,DFvL4QuSAJE,11,21,train,0
shaking head,Dir3VqbZn7g,23,33,train,0
shaking head,DldIniWqsi8,44,54,train,0
shaking head,dMyutwgz8ik,16,26,train,0
shaking head,dn_A-_Xq6Jk,14,24,train,0
shaking head,dOOUYwzM0Cc,21,31,train,0
shaking head,DoqW8VltNBk,22,32,train,0
shaking head,dpQD5mrBD9w,96,106,train,0
shaking head,DRvOUz7xE9E,0,10,train,0
shaking head,dSdVfMGYoZ8,2,12,train,0
shaking head,DUJCeaRjqoY,104,114,train,0
shaking head,dukd1nW-VHU,13,23,train,0
shaking head,DxXVYRD9jQA,4,14,train,0
shaking head,dyUCpywhSFA,2,12,train,0
shaking head,dYZVrNGNyVE,9,19,train,0
shaking head,e-M_CwwWndM,8,18,train,0
shaking head,e438yK_oNj8,7,17,train,0
shaking head,e9ZXQQ0GU1k,1,11,train,0
shaking head,Ed-dlCYTt9w,0,10,train,0
shaking head,edGK7V7mCpU,21,31,train,0
shaking head,Eglpl5uftLU,5,15,train,0
shaking head,egTUeezfmKs,4,14,train,0
shaking head,EihyXpFR0wc,1,11,train,0
shaking head,eivyrBTfxLU,4,14,train,0
shaking head,EKz8gG0mdSY,0,10,train,0
shaking head,ELvgUR_pys0,2,12,train,0
shaking head,ePexBr1IrGA,7,17,train,0
shaking head,EPLwuoe9yVw,8,18,train,0
shaking head,ePLXce0LP2w,25,35,train,0
shaking head,EQ3j_gMluKc,0,10,train,0
shaking head,er_9z_20wi8,0,10,train,0
shaking head,eS7vTtym12s,3,13,train,0
shaking head,eseWNxQUUMw,4,14,train,0
shaking head,eTefwZ8ditk,22,32,train,0
shaking head,eTGc1GaVDXU,6,16,train,0
shaking head,ETk6QRgdw7o,83,93,train,0
shaking head,eUmizHEKzSs,3,13,train,0
shaking head,eUoT8aFn0ZM,2,12,train,0
shaking head,EwvfexvH3GQ,4,14,train,0
shaking head,exMCGd4zOQU,11,21,train,0
shaking head,eY9JxeadVxY,52,62,train,0
shaking head,F4MqdA8a6Ew,2,12,train,0
shaking head,f50m2RxLG7U,6,16,train,0
shaking head,F8aKuOYzSFw,25,35,train,0
shaking head,FAxWMSgVj20,1,11,train,0
shaking head,FbDytzjwSQ0,12,22,train,0
shaking head,FCG0iGU65eo,3,13,train,0
shaking head,fdbdT9irT1U,35,45,train,0
shaking head,FdODda5cLII,0,10,train,0
shaking head,FdRbMH_hxtc,0,10,train,0
shaking head,feeouP6T3co,3,13,train,0
shaking head,fgDW8Q5Dll0,15,25,train,0
shaking head,fhkDW_cRM2M,36,46,train,0
shaking head,Fhwm6Tp8pfA,5,15,train,0
shaking head,Fj5CCMj1uuc,6,16,train,0
shaking head,fJfweRKHAIY,1,11,train,0
shaking head,Fj_zosLpib8,22,32,train,0
shaking head,fKs-aiHQC_4,0,10,train,0
shaking head,fL3bY7ISaJc,1,11,train,0
shaking head,FlXqYScwj20,12,22,train,0
shaking head,Fmk4DLj0YG0,4,14,train,0
shaking head,FMYfIAyk3aA,0,10,train,0
shaking head,FpzameIjRSg,25,35,train,0
shaking head,FsmATgpOtZc,1,11,train,0
shaking head,fTaNRpYTAl4,15,25,train,0
shaking head,fvHKXQN5GM4,23,33,train,0
shaking head,fvQB3xXbdWI,8,18,train,0
shaking head,fxd00K7FlME,7,17,train,0
shaking head,G4njbsXH7gg,13,23,train,0
shaking head,g98ziW9TRc4,43,53,train,0
shaking head,G9agsz28go4,9,19,train,0
shaking head,GbhCxvexOXY,0,10,train,0
shaking head,gdhKNLI2248,9,19,train,0
shaking head,GFAy9hsMEZc,10,20,train,0
shaking head,gFiJWCU9SPM,0,10,train,0
shaking head,GG5twclm1kY,31,41,train,0
shaking head,GGKjMBhLGko,4,14,train,0
shaking head,gGxoO7FRJVU,29,39,train,0
shaking head,gHkYy7uyDtc,0,10,train,0
shaking head,GIKigeDec0g,41,51,train,0
shaking head,GJlnlxOaKrc,26,36,train,0
shaking head,GJPO6Ew-Ty4,42,52,train,0
shaking head,GlmKp6DeDJI,1,11,train,0
shaking head,GvcfgsmLWYk,28,38,train,0
shaking head,gVMFJaaaQkU,29,39,train,0
shaking head,GW70mMZhCys,58,68,train,0
shaking head,gX11KfQmBaY,53,63,train,0
shaking head,gXY3yT6pvVo,0,10,train,0
shaking head,gx_RuKHrfdU,3,13,train,0
shaking head,gz75Q8scpZ0,34,44,train,0
shaking head,g_NV3HTR0ts,6,16,train,0
shaking head,h1OENTXMO4Q,1,11,train,0
shaking head,h5sKpuWA1fA,5,15,train,0
shaking head,h9M3klv913U,27,37,train,0
shaking head,Ha0KbH_SYmI,11,21,train,0
shaking head,ha3n3jS006I,11,21,train,0
shaking head,ha62xNq60Xk,64,74,train,0
shaking head,haZySUWqJsU,0,10,train,0
shaking head,HbdyFzI2lWs,14,24,train,0
shaking head,hbXwICipee8,6,16,train,0
shaking head,HcWFhX9uXB4,7,17,train,0
shaking head,HEkOYo3dbW0,3,13,train,0
shaking head,HEOKCsGF-CY,22,32,train,0
shaking head,herLrvFK5-o,9,19,train,0
shaking head,HfqfkX5jyiA,0,10,train,0
shaking head,HGelufjdknA,2,12,train,0
shaking head,hgh71pYactU,19,29,train,0
shaking head,HiTzMDPKT6A,4,14,train,0
shaking head,hJ48RYSgwI4,4,14,train,0
shaking head,Hm0XwNpItKY,36,46,train,0
shaking head,HMZZ4YB8sL0,6,16,train,0
shaking head,HnuxVaOH2I4,0,10,train,0
shaking head,HqHIwnCqh6k,25,35,train,0
shaking head,HSI3aagDgbY,3,13,train,0
shaking head,HUU6qeOpQ7k,21,31,train,0
shaking head,hwjvzXmHq4I,2,12,train,0
shaking head,HXgm3FeRWfo,70,80,train,0
shaking head,Hy147rkI3yQ,3,13,train,0
shaking head,Hy678nxhC3M,2,12,train,0
shaking head,Hz2CnIPFbcU,12,22,train,0
shaking head,H_uRri1D0F4,20,30,train,0
shaking head,I16fWvK7ezA,11,21,train,0
shaking head,i3Z8KT4CCmE,12,22,train,0
shaking head,i5ljPjd6Ass,49,59,train,0
shaking head,ia-A4gSP9ao,1,11,train,0
shaking head,iBc9sASxjHs,22,32,train,0
shaking head,idCywPaOD0k,15,25,train,0
shaking head,IDNibAOCWJY,4,14,train,0
shaking head,ieMfih7lLxA,23,33,train,0
shaking head,ihVTPDh-wts,4,14,train,0
shaking head,iiQAbUvKGyE,1,11,train,0
shaking head,Ij27urAzYd8,7,17,train,0
shaking head,IktaCiizXN8,44,54,train,0
shaking head,IlL11TIMZsg,0,10,train,0
shaking head,iLMgNW1GxgQ,4,14,train,0
shaking head,ITnfNdW_TY8,19,29,train,0
shaking head,ITz2mQT6G-U,20,30,train,0
shaking head,IWlVNPAeoWQ,157,167,train,0
shaking head,iX63B4WJ2bI,2,12,train,0
shaking head,iXOtQwvDt1U,13,23,train,0
shaking head,IYAR8SBlClc,10,20,train,0
shaking head,i_8eF6jWZGY,9,19,train,0
shaking head,j0IXiFP7mIg,30,40,train,0
shaking head,J2M-vGHTtKs,18,28,train,0
shaking head,j3pCUsjo3Wc,4,14,train,0
shaking head,j9r8ENWD6w8,18,28,train,0
shaking head,jcnGHWqkEoo,14,24,train,0
shaking head,Je4_Mdvdkfs,18,28,train,0
shaking head,jg6H6QxYCAY,134,144,train,0
shaking head,jGZuRvbBhL4,23,33,train,0
shaking head,jHgnVhG-rQ4,19,29,train,0
shaking head,JkQ-1sHXCYI,27,37,train,0
shaking head,jlIzGHH56-Y,78,88,train,0
shaking head,JMR2RmTtGdE,0,10,train,0
shaking head,jnSdd8-YNqs,14,24,train,0
shaking head,JOoLWk7Es5o,20,30,train,0
shaking head,JrhJGbaBqVQ,1,11,train,0
shaking head,jRSa8yx1CUE,44,54,train,0
shaking head,JSLi3Vs0rkg,70,80,train,0
shaking head,jtLB86YviYU,26,36,train,0
shaking head,jUisKbUuCsM,66,76,train,0
shaking head,JuseGtT5MCw,74,84,train,0
shaking head,jWGeojv8yfI,0,10,train,0
shaking head,JXEE5jdguWU,3,13,train,0
shaking head,JXZ2ydZfYeo,22,32,train,0
shaking head,jyxerG7WDYI,2,12,train,0
shaking head,k0dFmECjLzo,4,14,train,0
shaking head,K13Ex42I6XI,4,14,train,0
shaking head,k7CwnL0CYrs,15,25,train,0
shaking head,k7f6_otaUww,0,10,train,0
shaking head,k7jvGVh2u0Y,14,24,train,0
shaking head,kcVG_RdhHAU,5,15,train,0
shaking head,KDgJZHl4PuU,71,81,train,0
shaking head,kFrkZiuDyTU,43,53,train,0
shaking head,KjmIM8QJVCA,18,28,train,0
shaking head,KKGDDNX99ZQ,7,17,train,0
shaking head,KkuKHW6DW9c,4,14,train,0
shaking head,kl2Z0ic32mI,6,16,train,0
shaking head,KLg42aRU5Bc,32,42,train,0
shaking head,KlMKS3FGPkc,11,21,train,0
shaking head,kOtjzzffzNc,13,23,train,0
shaking head,kOZ8a8ogzbw,1,11,train,0
shaking head,kpM1hgKN8Do,17,27,train,0
shaking head,KrDhHOeNnKA,3,13,train,0
shaking head,KrS_w5YMKsw,8,18,train,0
shaking head,Ksuocn-Kz-o,16,26,train,0
shaking head,KtHtQQCvuq0,3,13,train,0
shaking head,KTPlfzLooY0,14,24,train,0
shaking head,kw5ToKnGXWM,1,11,train,0
shaking head,KWwAv5GiOec,3,13,train,0
shaking head,KyoMprroI50,0,10,train,0
shaking head,l0fTjyO76Xg,14,24,train,0
shaking head,l2K3N6u06xU,4,14,train,0
shaking head,L5rJuThIrrA,8,18,train,0
shaking head,L8KHGYcRi2w,2,12,train,0
shaking head,lBzz5Bkgnm8,0,10,train,0
shaking head,Lf25pzQetBE,5,15,train,0
shaking head,lFAqz4q0Vhk,27,37,train,0
shaking head,LFiofsMlJ5k,37,47,train,0
shaking head,LfZ3jj89Y10,16,26,train,0
shaking head,LHlzzzwVaDI,103,113,train,0
shaking head,ljhD_SHxdwY,1,11,train,0
shaking head,llH0RlVpCxc,5,15,train,0
shaking head,lrnsBKj2L0Q,26,36,train,0
shaking head,ltAN_7LJBOQ,93,103,train,0
shaking head,lwDAoB6Gqy0,4,14,train,0
shaking head,lWRsBk9QghA,0,10,train,0
shaking head,L_NUiUoPih0,2,12,train,0
shaking head,M8CTEXTZZPk,60,70,train,0
shaking head,M9jH-WVFLsk,0,10,train,0
shaking head,mbHaDAyy-WY,0,10,train,0
shaking head,MCER8wwDjMM,42,52,train,0
shaking head,Mg3w0KKQR-c,1,11,train,0
shaking head,MhDAhQOGTUw,36,46,train,0
shaking head,MhEYiJp-CcE,4,14,train,0
shaking head,MHJKzLVdRWc,16,26,train,0
shaking head,mip8b-51Po4,25,35,train,0
shaking head,MmYefV6N86E,13,23,train,0
shaking head,mRKvw0t-H3w,177,187,train,0
shaking head,MtRBJZePcpE,5,15,train,0
shaking head,MumfNGfkNJc,11,21,train,0
shaking head,MUZpfbBbdJo,3,13,train,0
shaking head,mydH-7wxfYc,2,12,train,0
shaking head,m_88CoNTEgs,25,35,train,0
shaking head,N04bObkeWKQ,1,11,train,0
shaking head,n5NY6hi7sZY,37,47,train,0
shaking head,N6md57GdwLU,8,18,train,0
shaking head,naEQB9EGCjw,12,22,train,0
shaking head,nbbTlIzFnK0,2,12,train,0
shaking head,NcGSdLW4vvE,12,22,train,0
shaking head,ND-ZOtv55a4,0,10,train,0
shaking head,ND0n8NRa6m8,1,11,train,0
shaking head,Nd3ceGbdF0I,92,102,train,0
shaking head,nDe1K3HFAYQ,72,82,train,0
shaking head,nDQf2-F7Dtw,4,14,train,0
shaking head,ngjUh3m26U8,4,14,train,0
shaking head,nHua9xX_2k8,0,10,train,0
shaking head,NkHs82n3spg,1,11,train,0
shaking head,NLlGPnAwtHI,8,18,train,0
shaking head,nMNYhaCs-OU,26,36,train,0
shaking head,np40ii885KI,119,129,train,0
shaking head,NsbkGmoFhwY,30,40,train,0
shaking head,NSNikFXaDk0,5,15,train,0
shaking head,nsXYn3EDMbc,198,208,train,0
shaking head,NUTuSSiKpR8,13,23,train,0
shaking head,nVJLH4Iz9b8,1,11,train,0
shaking head,NwAY9sR3h_M,11,21,train,0
shaking head,nwCUOedqybE,13,23,train,0
shaking head,nZVDED6Ki2w,10,20,train,0
shaking head,N_dUAlJ4JkI,30,40,train,0
shaking head,o12B_u5AOOg,0,10,train,0
shaking head,O52y9O9BnaE,26,36,train,0
shaking head,o6NAudNjaxs,27,37,train,0
shaking head,o7XyrhJlum0,60,70,train,0
shaking head,ODoXdOozOo4,36,46,train,0
shaking head,oEOYkmCWb74,6,16,train,0
shaking head,oEWFBNSLhm0,25,35,train,0
shaking head,Og0GISzDPzI,39,49,train,0
shaking head,Og42Q0RjG3c,1,11,train,0
shaking head,OHd-UbCzowA,3,13,train,0
shaking head,oLUcd3Ywyxk,9,19,train,0
shaking head,olYsgEljxms,6,16,train,0
shaking head,OQHr_xNyf4g,8,18,train,0
shaking head,orfK0PlRs6s,50,60,train,0
shaking head,OsD7VggAw_0,17,27,train,0
shaking head,OslRvwb5h0o,21,31,train,0
shaking head,OtujCGQawpA,1,11,train,0
shaking head,ow4fnz_PhCU,34,44,train,0
shaking head,p-vXl4VT2L4,6,16,train,0
shaking head,p-Yxtay12BM,2,12,train,0
shaking head,p2CA2TVkLoo,26,36,train,0
shaking head,P35Lj7gRMCg,1,11,train,0
shaking head,p42Vslv7nv0,95,105,train,0
shaking head,PCZ6U4sMAzY,2,12,train,0
shaking head,pDm3JWlSc6k,10,20,train,0
shaking head,Pf2OgaztEe8,1,11,train,0
shaking head,pg2Tpkc7eVY,61,71,train,0
shaking head,pGDybp1-ldo,0,10,train,0
shaking head,PgKMMQ9eKZk,20,30,train,0
shaking head,pJKaPhHKfCo,12,22,train,0
shaking head,pK3v2RoOcLE,1,11,train,0
shaking head,pNMOQKeWExI,12,22,train,0
shaking head,PorQcB5SBHE,1,11,train,0
shaking head,PoySkjg02jM,4,14,train,0
shaking head,PprY-vtuMdk,10,20,train,0
shaking head,PqM1W2zjLDU,8,18,train,0
shaking head,pRcXVhuv5t0,34,44,train,0
shaking head,pT1RWrChJU8,7,17,train,0
shaking head,PUjfpsSRG8o,7,17,train,0
shaking head,pxsTiMGzbDA,100,110,train,0
shaking head,PzkN7k641as,2,12,train,0
shaking head,p_ZQxveyaHY,4,14,train,0
shaking head,Q2g3CU7vILM,24,34,train,0
shaking head,Q8Tl5wMOZ0w,1,11,train,0
shaking head,q9MDAuKdUeM,38,48,train,0
shaking head,QavesLvVwW8,3,13,train,0
shaking head,qbodWg55Bwo,2,12,train,0
shaking head,QEuvLBnSIDc,21,31,train,0
shaking head,qext0mIkEf4,8,18,train,0
shaking head,qgRoZuoa3h4,2,12,train,0
shaking head,qi2G5x3P4Ok,0,10,train,0
shaking head,Qj4QmF-StFo,3,13,train,0
shaking head,qk6WKtH5U6Q,2,12,train,0
shaking head,ql3YqZQ-MGc,2,12,train,0
shaking head,qN6oIqKnW5A,13,23,train,0
shaking head,qOjeaMV1OQg,11,21,train,0
shaking head,qOth7yu28p8,20,30,train,0
shaking head,Qp1nuabp6AU,4,14,train,0
shaking head,qqVnFBdPRvo,58,68,train,0
shaking head,QRv-maJZG0U,75,85,train,0
shaking head,qsg_H1RrRHU,73,83,train,0
shaking head,qTu3PjWNnwc,1,11,train,0
shaking head,QvJpBJHIFi4,17,27,train,0
shaking head,r-s3h4P6NKs,17,27,train,0
shaking head,R0Xf0jnw-Ik,23,33,train,0
shaking head,R1b3muBYJxY,10,20,train,0
shaking head,r32BlHqb5DU,0,10,train,0
shaking head,r3KuYRXsplU,3,13,train,0
shaking head,R4uz8hzI3zQ,4,14,train,0
shaking head,R8ilWypO4qQ,22,32,train,0
shaking head,rA0esOLYoaA,41,51,train,0
shaking head,rA1EPLQcnI4,0,10,train,0
shaking head,RAgNBxeSn60,2,12,train,0
shaking head,rCjO57YjBEk,21,31,train,0
shaking head,rDbYGwFTjq0,2,12,train,0
shaking head,rdgdCcE0DJk,6,16,train,0
shaking head,RFr4QF3W6M4,25,35,train,0
shaking head,rga0h0xES38,4,14,train,0
shaking head,RIZBhLE1YGo,41,51,train,0
shaking head,rJXyS7vOC9U,28,38,train,0
shaking head,RLb7QqXmwlY,0,10,train,0
shaking head,RmJU6OeKMjM,86,96,train,0
shaking head,rM_aloIl38Y,7,17,train,0
shaking head,RnQfOXSbg8k,4,14,train,0
shaking head,RoctRtKisec,30,40,train,0
shaking head,RvmhFvDfOKM,0,10,train,0
shaking head,rw0aV2uypxE,23,33,train,0
shaking head,RynAVJ3Tq-Y,9,19,train,0
shaking head,RzLUm9DW3Lg,4,14,train,0
shaking head,S019EdQGN2w,13,23,train,0
shaking head,s18pPs6FyJU,0,10,train,0
shaking head,S2NnW9dgkmE,20,30,train,0
shaking head,S8E4-PYKE7Y,1,11,train,0
shaking head,S8ptHYHNv6s,27,37,train,0
shaking head,Sbdy-0USf3M,4,14,train,0
shaking head,Sg7TP30y0VE,12,22,train,0
shaking head,SITG9dk8lKo,8,18,train,0
shaking head,SIxkZpvns8I,1,11,train,0
shaking head,sLzf92xu0uA,0,10,train,0
shaking head,sMIzZXAQfZc,10,20,train,0
shaking head,So7Wnedj8Wk,1,11,train,0
shaking head,SQpjikOR8H0,5,15,train,0
shaking head,sx0GrEEoUVg,1,11,train,0
shaking head,SX1s5ew2jXM,0,10,train,0
shaking head,sxnSEJjMpY4,11,21,train,0
shaking head,sYNIx8VW1-M,2,12,train,0
shaking head,sY_RWCiGwQg,17,27,train,0
shaking head,T2ICfqCUN3s,1,11,train,0
shaking head,T4_9WbjNCP0,19,29,train,0
shaking head,t7dVncVFUO0,2,12,train,0
shaking head,tePtGi4I0ZY,0,10,train,0
shaking head,tf8GWLmEfhs,1,11,train,0
shaking head,tfK2cIkFMUw,1,11,train,0
shaking head,tfZQi0cYfMA,138,148,train,0
shaking head,Tg6mw1Jn9Ag,10,20,train,0
shaking head,tkEqsBXyQJ4,0,10,train,0
shaking head,Tl8Bf9xGPbQ,40,50,train,0
shaking head,tM9Gar86qLQ,6,16,train,0
shaking head,TnsDHTBBtqE,35,45,train,0
shaking head,TPAkv3aM38s,4,14,train,0
shaking head,TPbGADgyUvo,18,28,train,0
shaking head,tpCnR_mGmc0,2,12,train,0
shaking head,tRdEMOvt3aE,3,13,train,0
shaking head,TrUsesAxgCg,0,10,train,0
shaking head,ts7NFU5iNxk,45,55,train,0
shaking head,Tt-YCI5V4Y4,31,41,train,0
shaking head,tWb9TTzmXFY,0,10,train,0
shaking head,tWwmZyaBP0M,0,10,train,0
shaking head,tx-Qe8xl3tA,9,19,train,0
shaking head,tXRWhSxHwWU,23,33,train,0
shaking head,TxWBVLALn3I,6,16,train,0
shaking head,Tz9IGW6PtB0,30,40,train,0
shaking head,tzr7R9NNKeE,29,39,train,0
shaking head,TZtLw-2PQbU,3,13,train,0
shaking head,u05rlJXxv0I,7,17,train,0
shaking head,U0KDRc9qYeU,5,15,train,0
shaking head,u0vJb1MQE5o,12,22,train,0
shaking head,u2t3Mprf7UY,41,51,train,0
shaking head,U3Yp63Ccw0k,22,32,train,0
shaking head,uaBmEaGrdFU,44,54,train,0
shaking head,uApShnc2h94,9,19,train,0
shaking head,uBb2mtf7GS0,38,48,train,0
shaking head,UCIdqxnoC1k,32,42,train,0
shaking head,uCYDQ2eBMjs,72,82,train,0
shaking head,UeR2klwZ5HM,1,11,train,0
shaking head,UGddoywEukQ,4,14,train,0
shaking head,uH-7BZKSFN4,2,12,train,0
shaking head,Uj56IPJOqWE,7,17,train,0
shaking head,Uk8UgEm3Lac,28,38,train,0
shaking head,UlHYr1K-hWM,34,44,train,0
shaking head,uORsh4Ot1cc,2,12,train,0
shaking head,uQk0j6EwFPQ,27,37,train,0
shaking head,urKuYbhKoDo,2,12,train,0
shaking head,urYcGf_letU,6,16,train,0
shaking head,Ust4U6DgdJQ,9,19,train,0
shaking head,UWcmBH-Ezhc,5,15,train,0
shaking head,u_aUxuW_0y8,44,54,train,0
shaking head,v6DoClWsZZ0,2,12,train,0
shaking head,V6nyXGtXsP4,3,13,train,0
shaking head,vBg5jC1RqGw,1,11,train,0
shaking head,vbiNA_9dYLA,0,10,train,0
shaking head,vciubQ6s4tU,6,16,train,0
shaking head,vd8GynJNKV8,2,12,train,0
shaking head,VdhihXZyQeA,1,11,train,0
shaking head,VEftdD7KKAI,4,14,train,0
shaking head,Vem2hHVkpUk,1185,1195,train,0
shaking head,vERozGiIw3E,0,10,train,0
shaking head,VGATTc_jN58,0,10,train,0
shaking head,ViEwMOb3xmE,1,11,train,0
shaking head,VIOJvN85GWU,133,143,train,0
shaking head,VItMjQLD188,268,278,train,0
shaking head,vj3GpNQCZjw,25,35,train,0
shaking head,vM7hLsHlyNc,0,10,train,0
shaking head,VnKbw_xkR5o,0,10,train,0
shaking head,vPUONCLnkSI,8,18,train,0
shaking head,vQi6mbn5KtA,0,10,train,0
shaking head,VQo609WRswE,30,40,train,0
shaking head,vtJ2GkPAO-Q,1,11,train,0
shaking head,vuqn3W8NNmk,42,52,train,0
shaking head,VVDIlyHU2i0,5,15,train,0
shaking head,VvMXOYxQwrU,19,29,train,0
shaking head,vW4CGnyXnMA,76,86,train,0
shaking head,vWrB1M7rArE,8,18,train,0
shaking head,vX601RL3AAg,0,10,train,0
shaking head,vZCykkXrNd0,2,12,train,0
shaking head,VzNmGBvsT_o,54,64,train,0
shaking head,W0cfnYPoOMk,2,12,train,0
shaking head,w0txcbsBJ-g,0,10,train,0
shaking head,w3vWKMAPM00,40,50,train,0
shaking head,W6DvokDvbnQ,15,25,train,0
shaking head,W8SuGrejbFc,3,13,train,0
shaking head,W8y66Mfhd64,0,10,train,0
shaking head,w9nLr9i36RM,1,11,train,0
shaking head,waJaVkTanT0,0,10,train,0
shaking head,WbrmqJNwq7I,1,11,train,0
shaking head,wCNduU6LpVA,0,10,train,0
shaking head,wDg0J4P5B3E,2,12,train,0
shaking head,WdRBardF7RE,0,10,train,0
shaking head,We71a-bbGpc,3,13,train,0
shaking head,WfJokMFw2ts,14,24,train,0
shaking head,WfXMKplYBg8,36,46,train,0
shaking head,WGpILshz3Hs,15,25,train,0
shaking head,wHUzdiB204Q,0,10,train,0
shaking head,wIBvBpaoduk,12,22,train,0
shaking head,wK3AqDJU9mU,4,14,train,0
shaking head,wLckSlrzVjE,29,39,train,0
shaking head,WnP-BQySORk,1,11,train,0
shaking head,wPMmWb2wOjM,33,43,train,0
shaking head,wqkGnJA_TFQ,3,13,train,0
shaking head,wqP0MEV1c_o,72,82,train,0
shaking head,WsDNbaca_HQ,0,10,train,0
shaking head,wsf5oGD7ajA,7,17,train,0
shaking head,wu0QO9KDUC0,1,11,train,0
shaking head,wUlOTmeijHE,21,31,train,0
shaking head,wUNy6rn6OkM,14,24,train,0
shaking head,wVdu7rgMqEI,7,17,train,0
shaking head,WvOHRzPekak,1,11,train,0
shaking head,WWlfNqG_CFk,26,36,train,0
shaking head,wx3lB7q1uUA,8,18,train,0
shaking head,Wyiff1tg7Z8,66,76,train,0
shaking head,X17LFCG6l2Q,17,27,train,0
shaking head,x38l1rwfZrA,1,11,train,0
shaking head,X3wOaVIgaeQ,32,42,train,0
shaking head,x5TK3CxqJ70,3,13,train,0
shaking head,x94uZQb2Jtw,10,20,train,0
shaking head,Xb4_Aj63S48,2,12,train,0
shaking head,XbgBcyZPXEc,31,41,train,0
shaking head,XbWMcj3r3GM,10,20,train,0
shaking head,XdTAKeNFdZ4,2,12,train,0
shaking head,XejD4XvJxRM,6,16,train,0
shaking head,xeVGalF627E,0,10,train,0
shaking head,XEx__mphg0E,21,31,train,0
shaking head,xGM0t7E41d0,0,10,train,0
shaking head,xiqpleMJ9kQ,14,24,train,0
shaking head,XJQrjTkjFp0,858,868,train,0
shaking head,Xjz2OJnBPlw,0,10,train,0
shaking head,XM2bshMszKg,11,21,train,0
shaking head,xm9zlh9eU6o,32,42,train,0
shaking head,XNsScn5QN18,7,17,train,0
shaking head,xnxlvEHT4KI,32,42,train,0
shaking head,XQjbEmVFXLs,61,71,train,0
shaking head,xt4K1EivQKQ,50,60,train,0
shaking head,XtCA4k-BZEY,27,37,train,0
shaking head,xzbcRKzEwDI,0,10,train,0
shaking head,xze4-xI089c,0,10,train,0
shaking head,y0ah1MZZ2p4,3,13,train,0
shaking head,y2tkHXzliE8,73,83,train,0
shaking head,Y4nkKOuK0AQ,3,13,train,0
shaking head,y4ulahgawAQ,0,10,train,0
shaking head,y679zK_zF3k,23,33,train,0
shaking head,ydh27ry_S2g,0,10,train,0
shaking head,YIMTwfAuH1o,143,153,train,0
shaking head,YJa_TnIdmis,55,65,train,0
shaking head,yKlCh_IZsQ0,43,53,train,0
shaking head,ykx0VzBIOXQ,4,14,train,0
shaking head,YLYfPzrRtJ0,0,10,train,0
shaking head,YMbDWIpLl5Q,0,10,train,0
shaking head,yMMkhfUpJPQ,12,22,train,0
shaking head,YMrfRhAgZsY,3,13,train,0
shaking head,yTepSOFKNzc,14,24,train,0
shaking head,yTwY0GYzQZQ,4,14,train,0
shaking head,YwjjGeDNPkY,9,19,train,0
shaking head,Z0pji019np4,3,13,train,0
shaking head,Z3nF15IPbmQ,3,13,train,0
shaking head,zac4Ty39dok,41,51,train,0
shaking head,zAMHXdrmnxY,3,13,train,0
shaking head,zcdM-1joQvY,5,15,train,0
shaking head,ZCEf-YtaqgU,0,10,train,0
shaking head,ZEKX1RfXa28,20,30,train,0
shaking head,zGZFZREWkGU,3,13,train,0
shaking head,zI3KYRO-CSo,2,12,train,0
shaking head,ziIXQUq_Tl8,1,11,train,0
shaking head,zIxB2OBZowQ,18,28,train,0
shaking head,Zi_Vz-01lf0,0,10,train,0
shaking head,zkqHsA2pR1U,13,23,train,0
shaking head,zl4Fels56sM,1,11,train,0
shaking head,zMTw5DMvF0s,1,11,train,0
shaking head,zNPafahmcSs,27,37,train,0
shaking head,ZORmNcQLQzA,12,22,train,0
shaking head,ZPR9hFVMWgw,72,82,train,0
shaking head,zValvQm6-g0,0,10,train,0
shaking head,ZvjUgFoM8qk,18,28,train,0
shaking head,zVto6te92wA,18,28,train,0
shaking head,Zx6WjVqSj4k,11,21,train,0
shaking head,zXt4VY3KLzs,79,89,train,0
shaking head,zy8oZQ9noK4,18,28,train,0
shaking head,zYcNEt0w9YU,32,42,train,0
shaking head,_1vpcTd09Xs,0,10,train,0
shaking head,_74GbRrrMmc,62,72,train,0
shaking head,_a83u5i1iWQ,7,17,train,0
shaking head,_kQCR5iinvQ,20,30,train,0
shaking head,_L0OmGozNYY,4,14,train,0
shaking head,_MnzbkyW_ks,18,28,train,0
shaking head,_RpPgjPpvvU,5,15,train,0
shaking head,_U657pG9Zj4,2,12,train,0
running on treadmill,#NAME?,2,12,train,0
running on treadmill,0AG1T0yRt9U,90,100,train,0
running on treadmill,0eW1HlaY3Q8,7,17,train,0
running on treadmill,0JqDE16IfUQ,0,10,train,0
running on treadmill,0kFVVGx8MoE,4,14,train,0
running on treadmill,0tp3rRoYMEM,47,57,train,0
running on treadmill,0_pqsQFxUKo,0,10,train,0
running on treadmill,11a-tFxOyaY,3,13,train,0
running on treadmill,1bVqumVaz3I,13,23,train,0
running on treadmill,21-4wK3rPb8,9,19,train,0
running on treadmill,2MiO3nN5SeI,2,12,train,0
running on treadmill,2qaUCbJOqVc,43,53,train,0
running on treadmill,2ut-J2vCFzg,52,62,train,0
running on treadmill,3b3UrFYfJnU,26,36,train,0
running on treadmill,3esxghgBxBM,3,13,train,0
running on treadmill,3rj5OBpN_DI,68,78,train,0
running on treadmill,3sTez7G25xE,66,76,train,0
running on treadmill,3uVjt8uHBGw,13,23,train,0
running on treadmill,4QBWAwt4GL4,193,203,train,0
running on treadmill,4R8xgUM3ba0,7,17,train,0
running on treadmill,4Vr3ndIDj14,34,44,train,0
running on treadmill,4zpt9vPb59E,9,19,train,0
running on treadmill,5-jHVW7RXB4,8,18,train,0
running on treadmill,52p4taY6OsM,23,33,train,0
running on treadmill,562xrnxCQ1M,5,15,train,0
running on treadmill,57P3y0qecf4,3,13,train,0
running on treadmill,5LFuLt9mfpc,65,75,train,0
running on treadmill,5QqVT_VxUyo,33,43,train,0
running on treadmill,5S6npWlcEzM,57,67,train,0
running on treadmill,5SOQtYCv-1c,83,93,train,0
running on treadmill,5Z2OnOR6Dho,37,47,train,0
running on treadmill,60JLbVdJHdM,24,34,train,0
running on treadmill,6bYurICkqx8,32,42,train,0
running on treadmill,6OmfV7_jamo,59,69,train,0
running on treadmill,71I2vt_4yBk,10,20,train,0
running on treadmill,71VIbjMFSHc,1,11,train,0
running on treadmill,74XKa6Bn_ZY,6,16,train,0
running on treadmill,7BUNfHiX3_o,43,53,train,0
running on treadmill,7fXdILlctyc,4,14,train,0
running on treadmill,7RBKcUMno90,1,11,train,0
running on treadmill,7Ue17Rt4700,4,14,train,0
running on treadmill,8-jaLQ5CUwM,150,160,train,0
running on treadmill,8e9tClCjhqQ,58,68,train,0
running on treadmill,8kvx7Ehhbeo,5,15,train,0
running on treadmill,8LbnI5dWUwo,5,15,train,0
running on treadmill,9edsMx0sUcM,29,39,train,0
running on treadmill,9o1zEzJWv3o,15,25,train,0
running on treadmill,9ScAzNBxMmY,2,12,train,0
running on treadmill,A0T4kILOet4,0,10,train,0
running on treadmill,a3G4dnS4lEI,16,26,train,0
running on treadmill,AdLARQMYa6E,0,10,train,0
running on treadmill,AEalgHOI3jM,2,12,train,0
running on treadmill,aKfJJ1TuyE4,428,438,train,0
running on treadmill,alEAOCxC8mM,0,10,train,0
running on treadmill,AncgoXDu9y0,22,32,train,0
running on treadmill,aYpGWM6Gqsk,9,19,train,0
running on treadmill,b0_yC20JDsQ,2,12,train,0
running on treadmill,bb6V5VvukIY,6,16,train,0
running on treadmill,be6yzU4XBG4,2,12,train,0
running on treadmill,BIFWMcbtKDA,0,10,train,0
running on treadmill,BIsy1_yGMFw,20,30,train,0
running on treadmill,BjlseKztT8c,2,12,train,0
running on treadmill,bklLpSslEho,4,14,train,0
running on treadmill,Bm02SyLszjU,11,21,train,0
running on treadmill,bn_2W4FhF14,3,13,train,0
running on treadmill,bogwuUjXSXs,43,53,train,0
running on treadmill,BXwylkC6Rtw,15,25,train,0
running on treadmill,chv-g2miwxI,34,44,train,0
running on treadmill,cL1AhL81U6Y,4,14,train,0
running on treadmill,DayLrPiV-CQ,15,25,train,0
running on treadmill,DbKJGyfKZ4Q,34,44,train,0
running on treadmill,dEV6dXGUzB4,60,70,train,0
running on treadmill,dJA6Gv1Rqvc,29,39,train,0
running on treadmill,DQfxsOJuI08,71,81,train,0
running on treadmill,dY3H8w6qBuI,19,29,train,0
running on treadmill,EafWXQXYqI4,3,13,train,0
running on treadmill,EedDwVqYP6I,0,10,train,0
running on treadmill,EIEnq17bjMI,1,11,train,0
running on treadmill,En2t-qORazs,0,10,train,0
running on treadmill,EoTAOJbjmm4,2,12,train,0
running on treadmill,ETRQVfbN4z8,165,175,train,0
running on treadmill,eVm_3F2Xh7w,16,26,train,0
running on treadmill,E_Cw-n9uQIE,15,25,train,0
running on treadmill,E_F7EtYJ7nM,8,18,train,0
running on treadmill,f4p5XYvjrqA,3,13,train,0
running on treadmill,f7l3CKqfAzU,2,12,train,0
running on treadmill,FDlNkO8-9u8,4,14,train,0
running on treadmill,fhP53RfU-SE,1,11,train,0
running on treadmill,fjhjbmNOK7Y,16,26,train,0
running on treadmill,FLi7vqcFJVg,10,20,train,0
running on treadmill,FNOM0csT-bM,90,100,train,0
running on treadmill,Fr_6AGCTUe8,5,15,train,0
running on treadmill,gexjhPwANwE,1,11,train,0
running on treadmill,ggfVSPl8Ruw,48,58,train,0
running on treadmill,gm9h-aOlnxk,70,80,train,0
running on treadmill,gnfkmf7MJxU,0,10,train,0
running on treadmill,GNrNz6qEmU8,4,14,train,0
running on treadmill,GPFnaKTKZOY,32,42,train,0
running on treadmill,GusaxWiYALA,0,10,train,0
running on treadmill,gV0fddCt4MY,0,10,train,0
running on treadmill,GvufA4U_1mg,115,125,train,0
running on treadmill,GXuK08CdhaI,1,11,train,0
running on treadmill,gyqKjKsY1PY,14,24,train,0
running on treadmill,H010FMkYm04,4,14,train,0
running on treadmill,HuceSkxyuqc,20,30,train,0
running on treadmill,I-_qSABM_Pg,163,173,train,0
running on treadmill,i3gUl-rJqh0,2,12,train,0
running on treadmill,IBdx9e5ME5c,0,10,train,0
running on treadmill,iC2aEryhu7c,32,42,train,0
running on treadmill,Ie7y8_qgWis,76,86,train,0
running on treadmill,IIGYakZfyHc,129,139,train,0
running on treadmill,ITy8QIDgHTw,6,16,train,0
running on treadmill,IYlGeD62mnI,26,36,train,0
running on treadmill,j92ZkRAUiys,94,104,train,0
running on treadmill,jBY36UI9yQU,371,381,train,0
running on treadmill,jC0a6svSdl8,17,27,train,0
running on treadmill,jKqEkVWQLY4,3,13,train,0
running on treadmill,JlJIiXQ3Ctw,34,44,train,0
running on treadmill,jm14CXvlfpE,29,39,train,0
running on treadmill,JmBsYEvAXWw,49,59,train,0
running on treadmill,jtJVzDTaP0c,39,49,train,0
running on treadmill,jYbvT_3I_7w,8,18,train,0
running on treadmill,JyjgnOomoiI,1,11,train,0
running on treadmill,JZ-_qGvCa7Y,10,20,train,0
running on treadmill,jZ9Wk7bces0,2,12,train,0
running on treadmill,k0h-iu-oQ_g,1,11,train,0
running on treadmill,KfQT1YDHBHs,61,71,train,0
running on treadmill,KiGppEvLvGQ,15,25,train,0
running on treadmill,KNS3blosAL4,175,185,train,0
running on treadmill,ktkFHbVn5Nw,31,41,train,0
running on treadmill,KyhKKR5V3-I,27,37,train,0
running on treadmill,kZp2ZaHOjcI,43,53,train,0
running on treadmill,L6tV5dKsHVs,2,12,train,0
running on treadmill,L8JXUwsK5jQ,93,103,train,0
running on treadmill,LetE2T1gNCo,4,14,train,0
running on treadmill,Lj64V7kjPtg,1,11,train,0
running on treadmill,lkzikv3B7G4,4,14,train,0
running on treadmill,LqRWkh73eUI,3,13,train,0
running on treadmill,lzm8utHbJg0,24,34,train,0
running on treadmill,l_MQicRRzO0,10,20,train,0
running on treadmill,M0lTf8XvTTc,350,360,train,0
running on treadmill,m1Tjf4MiwO4,89,99,train,0
running on treadmill,m24HVE-OUR8,16,26,train,0
running on treadmill,m61tIShNZuA,14,24,train,0
running on treadmill,MDksTnTvOrc,16,26,train,0
running on treadmill,mFNPz0rXSB4,8,18,train,0
running on treadmill,mNIKyL0eYGs,12,22,train,0
running on treadmill,MvQII9GJQcE,102,112,train,0
running on treadmill,mYpSFNMqvU8,4,14,train,0
running on treadmill,n2IhPCkrFy8,13,23,train,0
running on treadmill,nAfKl8u0vOM,2,12,train,0
running on treadmill,nATmGATvnZs,22,32,train,0
running on treadmill,NDKbf48mNZY,24,34,train,0
running on treadmill,NEcnGJG3Qi0,0,10,train,0
running on treadmill,nkJBPXuqnWk,236,246,train,0
running on treadmill,nlI7zY4DxLk,33,43,train,0
running on treadmill,Nsxb5l4Hz6Q,48,58,train,0
running on treadmill,N_NKT_hmBUg,11,21,train,0
running on treadmill,O0I4p9wTur0,59,69,train,0
running on treadmill,OAv147sKcq8,13,23,train,0
running on treadmill,oCvgwn6sF2g,101,111,train,0
running on treadmill,OGqJLJng4RE,5,15,train,0
running on treadmill,OK4-5meFt5Q,74,84,train,0
running on treadmill,OMMH8dif-WY,166,176,train,0
running on treadmill,omNhQwHMc5o,10,20,train,0
running on treadmill,OSiFlSZEhic,3,13,train,0
running on treadmill,oSoPcugjR9c,117,127,train,0
running on treadmill,OTyfav9bIvY,130,140,train,0
running on treadmill,OVIxEVHhSmM,1,11,train,0
running on treadmill,Ox5Pr8zxoKI,16,26,train,0
running on treadmill,p-UVbEOc3Wo,46,56,train,0
running on treadmill,pAlAzgbrF0U,0,10,train,0
running on treadmill,pcJeP-gIW_4,25,35,train,0
running on treadmill,pHdQjV7Tuaw,2,12,train,0
running on treadmill,pi1CHAp-DJk,2,12,train,0
running on treadmill,pIWnmoBNMZA,125,135,train,0
running on treadmill,PiyIzh1pdlU,3,13,train,0
running on treadmill,pLQre5UJy5s,0,10,train,0
running on treadmill,PqDkicMANQo,0,10,train,0
running on treadmill,Pqi4Jnpbr9A,3,13,train,0
running on treadmill,psJPtbcGcuE,0,10,train,0
running on treadmill,PSnCPDxWvNc,2,12,train,0
running on treadmill,pY48lhl1o_w,4,14,train,0
running on treadmill,Pzo1v_6S-vQ,1,11,train,0
running on treadmill,Q7YX5C_-R2k,0,10,train,0
running on treadmill,qBvx9xpjNLQ,1,11,train,0
running on treadmill,QCjLRlUJDwU,59,69,train,0
running on treadmill,qfaNvRmqRDc,0,10,train,0
running on treadmill,qFhoDkvJFnc,4,14,train,0
running on treadmill,qLsjneX5O00,47,57,train,0
running on treadmill,qo-KjbNRj7o,6,16,train,0
running on treadmill,QrjsWFDkLoA,2,12,train,0
running on treadmill,R0Yc_NdBofs,74,84,train,0
running on treadmill,r3wflA0DZEQ,3,13,train,0
running on treadmill,r5GpUhlaDiU,2,12,train,0
running on treadmill,RAsP9-ySf_g,3,13,train,0
running on treadmill,rC6fZ0Hhj6I,1,11,train,0
running on treadmill,rFy65CTA7rU,2,12,train,0
running on treadmill,rKEKM8aDjIs,196,206,train,0
running on treadmill,RN982UAf2YA,14,24,train,0
running on treadmill,rpC_ziadTk4,137,147,train,0
running on treadmill,rplMV0ICLtI,10,20,train,0
running on treadmill,RSDE2r_qyoM,29,39,train,0
running on treadmill,RU2TtHreD4o,0,10,train,0
running on treadmill,RxTSbIULy3Q,1,11,train,0
running on treadmill,rypW3E6QDL8,5,15,train,0
running on treadmill,s16dbvrTyOo,23,33,train,0
running on treadmill,s6UWFe1eDnQ,24,34,train,0
running on treadmill,s9a0Jw_fL5E,3,13,train,0
running on treadmill,sAYz8nU1l10,2,12,train,0
running on treadmill,sbhmtruJL9Y,27,37,train,0
running on treadmill,SBkD0JHJgRo,2,12,train,0
running on treadmill,sJCPjqeoIJ8,16,26,train,0
running on treadmill,sozgBkP7O5o,4,14,train,0
running on treadmill,SUA3Sc3Dv8w,146,156,train,0
running on treadmill,s_zfuEuC36Y,2,12,train,0
running on treadmill,t97jTwphtB8,33,43,train,0
running on treadmill,tC8dXJcX6Lk,33,43,train,0
running on treadmill,TEjrCEl2wM0,56,66,train,0
running on treadmill,TI7csDEQysk,55,65,train,0
running on treadmill,Ti7cZB0vEBc,19,29,train,0
running on treadmill,TJSbixf2uHU,6,16,train,0
running on treadmill,TM4gM48yo8s,143,153,train,0
running on treadmill,TYLbrAGp0Zw,1,11,train,0
running on treadmill,U3pn3Bua6sg,2,12,train,0
running on treadmill,U4YAk9KPz8w,3,13,train,0
running on treadmill,U77Umjc_ZjE,34,44,train,0
running on treadmill,UF_taDSDj6k,0,10,train,0
running on treadmill,uL80HciNJ4Y,1,11,train,0
running on treadmill,uQkbGFvVceI,1,11,train,0
running on treadmill,UteYZ-rFAME,33,43,train,0
running on treadmill,vELjAT6uqW0,2,12,train,0
running on treadmill,VnG6bhFlqZY,3,13,train,0
running on treadmill,VnLWPlJel1Y,21,31,train,0
running on treadmill,vO_-R8dv75Y,11,21,train,0
running on treadmill,VsZZl_thNbo,19,29,train,0
running on treadmill,vzPmh13oj_I,6,16,train,0
running on treadmill,W-Tr3hl8Y-w,1,11,train,0
running on treadmill,wLtFybZgTAc,28,38,train,0
running on treadmill,WocEWaxJQac,5,15,train,0
running on treadmill,wrY-e9Nwg9w,3,13,train,0
running on treadmill,wUrFIwra-50,16,26,train,0
running on treadmill,W_MfTB2mvgw,2,12,train,0
running on treadmill,X1EvJJ3gkHs,0,10,train,0
running on treadmill,x4Hz5TgrqB8,0,10,train,0
running on treadmill,X5J5UvZuaCg,27,37,train,0
running on treadmill,xCOokxng-94,2,12,train,0
running on treadmill,XfKzVV4H6KI,10,20,train,0
running on treadmill,XgchlYS6mOQ,6,16,train,0
running on treadmill,XOUyexcDAWI,54,64,train,0
running on treadmill,xw6uZNLEXnQ,58,68,train,0
running on treadmill,yaWz0zrLOq8,55,65,train,0
running on treadmill,yC77KmlWhqQ,11,21,train,0
running on treadmill,yCykvJ_fJ4s,70,80,train,0
running on treadmill,YeArku6fUbs,73,83,train,0
running on treadmill,yFlLNbJePlQ,38,48,train,0
running on treadmill,yiPxtknXvP4,12,22,train,0
running on treadmill,ykcHigZLMqE,29,39,train,0
running on treadmill,yNKfx-vl-MA,117,127,train,0
running on treadmill,YSuZSwXit9c,1,11,train,0
running on treadmill,Ytg165Id-ls,96,106,train,0
running on treadmill,yUeX_bWwvmA,30,40,train,0
running on treadmill,yvnxHl0exyQ,18,28,train,0
running on treadmill,ywm4es1p-R8,7,17,train,0
running on treadmill,z-JQe37HyIQ,0,10,train,0
running on treadmill,z7ZtyWVIBvs,2,12,train,0
running on treadmill,ZEZSJmvYDXc,11,21,train,0
running on treadmill,Zf-IyW-Mtjc,2,12,train,0
running on treadmill,ZFAQVzJC0iA,114,124,train,0
running on treadmill,ZG0Exl95Od4,46,56,train,0
running on treadmill,ZOoLIBwXDa0,41,51,train,0
running on treadmill,Zpluwq_OB64,64,74,train,0
running on treadmill,zQn-cKH27DU,71,81,train,0
running on treadmill,zR-Kl7YZOn8,47,57,train,0
running on treadmill,ZsA6CICES_4,2,12,train,0
running on treadmill,ZTtl4Ic0JxM,62,72,train,0
running on treadmill,zx5OQAfmgQ4,30,40,train,0
running on treadmill,_BMzalbMtSA,0,10,train,0
running on treadmill,_Za2ZeocaVs,1,11,train,0
